interaction_id,question_type,n_words,n_passages,gold_size,gold_density,ans_tokens,t_suf,phi_suf
55b219e5-ba31-4318-a73d-551f0fb9c546,multi-hop,11,110,11,0.1,1,1,0.09090909090909091
8163a6f0-3238-4a69-ba60-a4a06090bc6f,simple,14,166,24,0.14457831325301204,2,2,0.14285714285714285
7752219e-72eb-44c7-bf83-a52a00c7b5da,simple_w_condition,10,65,3,0.046153846153846156,1,8,0.8
37d00a45-b707-4f82-8ad5-faaab9f7f24a,comparison,19,307,42,0.13680781758957655,2,1,0.05263157894736842
41354a30-fd4f-4ae7-b234-566136410e16,simple_w_condition,9,63,1,0.015873015873015872,1,2,0.2222222222222222
1015c11e-ebfb-44aa-8dc1-7d8742b2feca,simple_w_condition,10,103,54,0.5242718446601942,1,1,0.1
4afd82c6-af57-41b2-9848-f0ec9479efd5,simple,10,159,100,0.6289308176100629,2,1,0.1
2e03317d-d5d0-4814-8bb9-72dee71f5c52,comparison,17,215,15,0.06976744186046512,2,13,0.7647058823529411
4ef3290a-1d97-4c93-a1d2-e57a5822e114,simple,9,358,55,0.15363128491620112,1,2,0.2222222222222222
9be1e42c-e119-4379-a0b2-aaddc34eb429,aggregation,16,131,1,0.007633587786259542,13,9,0.5625
17f084f8-5db0-41bf-b9b5-ec81b95e2191,simple,5,62,5,0.08064516129032258,1,2,0.4
508a207a-f44d-4d4d-b875-4615878d250d,aggregation,15,94,49,0.5212765957446809,1,1,0.06666666666666667
639d2cc0-99d6-4346-ac63-e963568d80f4,aggregation,7,250,18,0.072,1,5,0.7142857142857143
7a77679e-d88b-4acf-9532-94e32233950b,comparison,10,162,1,0.006172839506172839,1,8,0.8
40da23a9-d45d-4afa-b5d3-8da790da9d40,simple_w_condition,7,151,71,0.47019867549668876,3,2,0.2857142857142857
81148a6f-de74-4624-a2b3-794e9ed5ab76,multi-hop,11,154,13,0.08441558441558442,1,5,0.45454545454545453
2a56eddc-9aa9-4377-86b3-f1e4283fa677,aggregation,14,64,17,0.265625,1,2,0.14285714285714285
cb7b187b-93c0-40ea-b8f7-c7ae7f0ed29e,comparison,14,32,2,0.0625,2,11,0.7857142857142857
2d866dcc-5a48-429d-8fc5-9117dfd4395f,post-processing,12,191,5,0.02617801047120419,1,8,0.6666666666666666
1443794f-87da-4e41-a425-ff08ab1b4640,simple_w_condition,6,85,8,0.09411764705882353,2,1,0.16666666666666666
129da772-7047-418c-9871-98801c6dbee8,simple,13,130,10,0.07692307692307693,2,2,0.15384615384615385
aa29b165-d6ac-423b-88a2-7a6ec06e0273,simple_w_condition,15,303,269,0.8877887788778878,1,1,0.06666666666666667
688ce190-86a9-4e4f-9028-e1f1b268d6c9,simple,13,181,68,0.3756906077348066,2,1,0.07692307692307693
9b770c69-f54f-46d8-bbb4-d89e098d82fb,simple,12,59,4,0.06779661016949153,2,6,0.5
251c298e-e240-444d-ade3-426b99cd03b1,simple,9,58,12,0.20689655172413793,1,1,0.1111111111111111
2d8bdc48-5286-4e13-aac5-2aeb0f089d12,simple,11,244,6,0.02459016393442623,1,4,0.36363636363636365
fab53292-d446-4ea1-aeb3-bd24c03cc264,aggregation,17,93,31,0.3333333333333333,1,1,0.058823529411764705
b8e81474-d076-45c2-86da-87cf81fd5326,simple,9,51,8,0.1568627450980392,1,1,0.1111111111111111
6f6452ef-7e3d-4e3b-b789-d8800b980687,comparison,11,39,10,0.2564102564102564,2,1,0.09090909090909091
ce18f7dd-f5fb-4e36-91c4-442cb0afe7e4,simple,11,196,16,0.08163265306122448,2,1,0.09090909090909091
959e4644-d7e9-4063-a916-73107ca91015,comparison,17,85,6,0.07058823529411765,5,3,0.17647058823529413
7ce64475-a26d-4991-b716-e0c6a00c5fe7,comparison,11,126,75,0.5952380952380952,1,1,0.09090909090909091
e35f001a-b9f5-465e-b311-34789352d9fd,aggregation,13,400,270,0.675,1,1,0.07692307692307693
ed8aa3dc-3d28-4633-99f4-c01e19ea1f49,simple,8,66,11,0.16666666666666666,1,4,0.5
f9df617d-0815-4116-b345-f90e24b6bceb,simple,9,92,9,0.09782608695652174,1,3,0.3333333333333333
89e63c8a-1be3-4790-a381-d56b0b022231,comparison,13,86,23,0.26744186046511625,1,1,0.07692307692307693
36a8f12f-43ec-4558-8ffa-ca882993569c,simple,11,161,95,0.5900621118012422,1,2,0.18181818181818182
8057669d-3e4a-4d11-a9e0-20982e83cdae,comparison,17,63,9,0.14285714285714285,1,3,0.17647058823529413
c491de27-e364-495a-8042-380e76863962,comparison,15,396,293,0.73989898989899,1,1,0.06666666666666667
d9223437-5337-4dd9-a8b9-708d62ab8172,simple,8,196,21,0.10714285714285714,3,3,0.375
bcc88678-d327-4792-b6f5-bb7efc33e2c6,multi-hop,15,400,34,0.085,2,2,0.13333333333333333
8ac3b4fd-ef94-46fb-bd7b-e7716e9b2c9e,comparison,12,310,140,0.45161290322580644,3,1,0.08333333333333333
12ecfd39-1425-4957-9c86-321581048ef2,simple,6,43,17,0.3953488372093023,2,4,0.6666666666666666
c6bb3372-bf98-4ace-abb8-c1e4de37234a,simple_w_condition,9,80,12,0.15,1,1,0.1111111111111111
95395d91-4c20-42d2-a83a-63cd7ceb9de0,comparison,10,63,24,0.38095238095238093,1,2,0.2
26c71ab4-7e91-4fca-9ee0-bf37112a60e0,comparison,15,42,13,0.30952380952380953,2,3,0.2
8c17fc19-f436-45ab-bb67-b5a73c39cd41,simple,7,78,9,0.11538461538461539,1,2,0.2857142857142857
15d28e34-405b-42a8-8a73-41fcb9584845,simple,11,73,6,0.0821917808219178,1,1,0.09090909090909091
a0dd8a0d-e8a9-46d7-b930-e30af0cb3671,simple,8,400,6,0.015,1,1,0.125
8afb7c54-21de-4dae-9afd-71b317dae885,simple,8,76,8,0.10526315789473684,1,1,0.125
6a0ab652-c65e-4857-b209-16fafd25ee9e,aggregation,14,315,99,0.3142857142857143,1,1,0.07142857142857142
ff20865f-b6d3-4348-88a8-e46d865191ca,simple_w_condition,14,158,13,0.08227848101265822,3,9,0.6428571428571429
5268e83b-ba85-44a3-b8eb-f3a494ed053f,simple,8,46,23,0.5,2,1,0.125
470277f4-2101-4aaa-a35e-c44b4a7bf758,simple,9,75,4,0.05333333333333334,3,1,0.1111111111111111
a3d5797d-8a38-483b-b42f-168f38fcceab,simple,8,100,1,0.01,1,6,0.75
0046851e-506f-4925-b769-bda66af48f9e,simple,8,68,4,0.058823529411764705,1,1,0.125
6368de43-1ee8-437e-8f6f-b23a9fdb48ad,simple,16,337,12,0.03560830860534125,1,16,1.0
f068a33c-2458-4d27-8448-02906e6b5fa5,aggregation,10,99,2,0.020202020202020204,2,8,0.8
909fb375-e924-4f8b-8c9d-b39d2402550b,multi-hop,19,102,16,0.1568627450980392,4,1,0.05263157894736842
ba4433de-8237-4207-a110-566219bb36dd,aggregation,10,56,6,0.10714285714285714,1,3,0.3
51062299-8123-4c3e-ac34-cc5bfd9cb50b,comparison,12,39,10,0.2564102564102564,2,1,0.08333333333333333
0d862391-3ab9-4049-a722-50c9d940d171,simple_w_condition,9,86,24,0.27906976744186046,2,1,0.1111111111111111
c4beea56-f5f5-4762-b228-cd3bc4a67be9,comparison,11,68,26,0.38235294117647056,2,1,0.09090909090909091
109630e1-0687-4dc3-8e1c-e62df3868d45,simple,15,142,15,0.1056338028169014,3,2,0.13333333333333333
02475276-3a61-4c12-8a51-7a13af1ff70c,simple,11,181,8,0.04419889502762431,1,1,0.09090909090909091
12a47336-9e10-4a00-a94b-fade06d41eb8,simple,6,168,66,0.39285714285714285,2,1,0.16666666666666666
ab211237-6c20-4782-8e3d-c8548f27e2a5,comparison,13,78,12,0.15384615384615385,1,1,0.07692307692307693
19c28ca8-31ec-4d8c-9c69-6f86f3972df7,comparison,19,45,2,0.044444444444444446,1,7,0.3684210526315789
589a531e-6644-4715-98a1-c148ddc5f07f,comparison,15,31,9,0.2903225806451613,2,1,0.06666666666666667
c2b8c2ea-d282-4cf4-94a9-b7d5b06308fe,aggregation,13,111,52,0.46846846846846846,1,1,0.07692307692307693
480bd505-54b7-4150-aa41-8408fdd00a1e,comparison,19,400,95,0.2375,2,2,0.10526315789473684
4188213c-01dd-4885-ae52-9d0da14532d0,simple,16,318,8,0.025157232704402517,5,2,0.125
144bd3d2-be2b-4fcb-afb1-66feaad6c4b8,simple_w_condition,9,219,18,0.0821917808219178,2,1,0.1111111111111111
a7826efe-ca56-468e-87f1-23792cf0a47a,simple,11,400,2,0.005,13,2,0.18181818181818182
ee0b351c-5a00-48e2-97c3-73f8a802cf91,simple,14,185,8,0.043243243243243246,3,2,0.14285714285714285
68ca2297-6175-44cb-a26e-8355461a7442,simple,5,48,4,0.08333333333333333,4,1,0.2
a1eca954-d215-4748-a616-dfd4be382d8a,false_premise,11,112,40,0.35714285714285715,2,5,0.45454545454545453
d4360848-f6aa-4071-9264-6c60b934ce08,multi-hop,12,53,3,0.05660377358490566,3,2,0.16666666666666666
0a36d3a6-588b-4b3b-af1b-a9aa4a2792be,simple_w_condition,14,173,113,0.653179190751445,1,1,0.07142857142857142
bcdb3c42-4bbd-4f59-9017-8717568d18af,simple,11,57,12,0.21052631578947367,1,1,0.09090909090909091
25d230b2-e518-45e7-8c67-a762571fb5fe,comparison,9,84,1,0.011904761904761904,1,7,0.7777777777777778
c963e0c1-4eea-4d62-a461-679b1078a666,simple,18,200,7,0.035,1,13,0.7222222222222222
5835bbf4-5778-4a9d-8ebc-0d20f37c676b,aggregation,13,226,72,0.3185840707964602,1,1,0.07692307692307693
8c8b6f2e-8e7d-4b16-82e8-5d2bd78e78b6,comparison,9,106,13,0.12264150943396226,1,1,0.1111111111111111
83ca6ad3-4505-4ed6-ad2e-c2563cc99262,simple_w_condition,8,92,17,0.18478260869565216,2,1,0.125
8f6c5aa5-0471-4d2c-855b-cb3042567553,aggregation,11,79,34,0.43037974683544306,1,4,0.36363636363636365
6e6feebb-5f3e-44a9-a14a-2dd98fe3943b,comparison,9,116,7,0.0603448275862069,1,2,0.2222222222222222
2f324569-fe78-4923-97e4-4a9d7ce7abb9,comparison,8,21,9,0.42857142857142855,2,1,0.125
4954ba06-1661-43cd-b565-cc3e76239e8e,aggregation,15,180,72,0.4,1,1,0.06666666666666667
dc1bceed-b275-4582-bef7-d867d3386d13,simple,8,130,8,0.06153846153846154,1,6,0.75
c77fa2ab-c507-49ac-8bca-7f6ce60441af,simple,15,194,67,0.34536082474226804,2,1,0.06666666666666667
60dc65c4-4781-40e5-bd14-cb2874ba54d2,simple,9,211,26,0.12322274881516587,2,5,0.5555555555555556
77d855f1-07ad-4cb0-bda7-5a58d35670e8,simple,7,211,6,0.02843601895734597,2,2,0.2857142857142857
932c1332-de1e-4cb2-ab46-e738442ae19f,simple,11,125,9,0.072,1,1,0.09090909090909091
b8970214-0d44-44e1-b715-684f5f0d8009,aggregation,9,85,5,0.058823529411764705,1,1,0.1111111111111111
d3e629d3-7f58-4d6f-bd33-b34bb9ee92d2,comparison,17,111,19,0.17117117117117117,7,3,0.17647058823529413
c5a83340-c95a-4b9d-9470-4f5238b10111,simple_w_condition,14,100,4,0.04,1,1,0.07142857142857142
3ff48ac7-5b59-4f17-9c42-44a91f4bf04b,post-processing,11,83,18,0.21686746987951808,1,2,0.18181818181818182
12b1b450-914f-419d-9d6d-719916b18437,false_premise,10,44,2,0.045454545454545456,2,3,0.3
3fdbc2d1-2d18-4a3e-8f54-3f991e002d1d,simple,14,110,21,0.19090909090909092,2,2,0.14285714285714285
56595d5b-b25f-4913-9c3e-9036bb6d4acc,simple_w_condition,13,233,112,0.48068669527896996,2,1,0.07692307692307693
ad57a30d-0f77-41cf-ab69-350e7080a727,multi-hop,12,400,4,0.01,2,3,0.25
8b875f2e-9e4a-4359-908e-621b80aa36b7,simple_w_condition,17,41,13,0.3170731707317073,1,1,0.058823529411764705
220d39cd-8df6-4c96-a5a3-618f39df8552,simple,18,82,7,0.08536585365853659,2,11,0.6111111111111112
7e7d8ada-1074-4e2a-b16b-e7c35d21c764,comparison,11,83,16,0.1927710843373494,1,1,0.09090909090909091
14803ef8-2a6c-49cd-91bb-d2199afe9cb0,simple_w_condition,10,136,20,0.14705882352941177,2,3,0.3
1a61961d-ff2b-4b7f-aceb-05a58428c95d,post-processing,13,50,3,0.06,1,1,0.07692307692307693
38e34d1f-4fa7-4762-ba56-abafc79029f2,simple_w_condition,9,138,8,0.057971014492753624,1,5,0.5555555555555556
81e0fbd9-2bc7-4d57-a97c-d07127228f9e,comparison,14,61,10,0.16393442622950818,2,1,0.07142857142857142
8e6f6025-d096-432b-b1d3-7fbd42007e2c,aggregation,13,112,22,0.19642857142857142,1,1,0.07692307692307693
b1b702b3-8b74-49cf-ab6e-9703e26461bf,comparison,9,56,32,0.5714285714285714,1,1,0.1111111111111111
a9a27309-722d-466b-a961-f4132237d8f3,set,10,56,3,0.05357142857142857,2,7,0.7
586c731c-0d6b-480c-b0f5-2646d25616f9,simple_w_condition,11,99,7,0.0707070707070707,2,1,0.09090909090909091
096bba0f-0cc3-4c8f-b775-6dfb9b8b6786,simple,11,85,3,0.03529411764705882,1,9,0.8181818181818182
5c2ea729-caea-4761-a858-d93eb861bf4d,simple,7,65,17,0.26153846153846155,2,1,0.14285714285714285
5d14286b-c155-4759-bcd1-3ca2bc61aa43,simple,16,337,10,0.02967359050445104,3,3,0.1875
74f9198b-d43b-4c22-bef1-6d118c6c0567,comparison,9,108,2,0.018518518518518517,2,6,0.6666666666666666
5d2ee41d-c9e4-4b9c-8c8a-7bd459813051,comparison,16,400,58,0.145,2,1,0.0625
8ac47174-33a8-421d-97d1-1c0d5b3fa143,simple,19,96,3,0.03125,4,19,1.0
e89d23ef-dafa-486c-aed0-a540f0da494c,simple,10,91,1,0.01098901098901099,1,3,0.3
b5870b82-ff71-466d-9f6a-ab3dce06ad07,false_premise,13,77,14,0.18181818181818182,2,12,0.9230769230769231
d0a0b63a-fbcd-485a-bfce-300edd026349,aggregation,16,123,52,0.42276422764227645,1,1,0.0625
2046bad9-6326-4b3d-bf6f-8e8c817750a0,simple_w_condition,11,319,2,0.006269592476489028,2,7,0.6363636363636364
ea490f44-7dd1-4874-b43b-87f055b030b5,simple_w_condition,10,119,4,0.03361344537815126,2,4,0.4
806dc490-078b-4ad1-9874-87a3df34cd18,comparison,12,81,27,0.3333333333333333,2,1,0.08333333333333333
e15efed8-8bf5-45ec-9551-7f33225350b1,simple_w_condition,17,65,12,0.18461538461538463,1,1,0.058823529411764705
621db4e6-ddad-4935-b375-7c0c577f07d6,post-processing,11,82,2,0.024390243902439025,3,6,0.5454545454545454
53579431-dc51-4f0e-930f-e51a30e75a50,simple,16,35,3,0.08571428571428572,2,4,0.25
765b506f-a77a-406e-88ad-05a08b549b02,multi-hop,10,158,20,0.12658227848101267,2,2,0.2
52559781-ad5d-4fc9-97bc-ed57c59206df,simple_w_condition,8,63,6,0.09523809523809523,1,8,1.0
bdaa3dcc-1673-4425-9f11-a2e81bcd3e37,multi-hop,20,400,13,0.0325,1,1,0.05
086ab537-b2b2-4561-8fc7-6653a20db0f4,simple,9,400,22,0.055,2,3,0.3333333333333333
1a0a452e-1ed3-4645-adb4-4f89eb9fb089,simple_w_condition,13,77,3,0.03896103896103896,3,5,0.38461538461538464
7a206a02-0df8-4869-93e0-42d4651ddbb4,false_premise,15,273,28,0.10256410256410256,2,2,0.13333333333333333
bf32cf1a-5448-45ba-bfe2-30da2f090b04,simple_w_condition,6,97,5,0.05154639175257732,2,6,1.0
21bd7a66-0e02-4f9c-8d97-94d5282b2b34,false_premise,15,400,95,0.2375,2,6,0.4
af1ee3f6-d782-48ce-b7b9-eb4e229939ab,simple,11,394,8,0.02030456852791878,2,2,0.18181818181818182
de5634c9-5441-4205-8a2a-a9279d6a8635,comparison,9,70,21,0.3,2,4,0.4444444444444444
b3387794-3886-4ec0-aea1-9041513eddf9,simple,9,202,5,0.024752475247524754,1,2,0.2222222222222222
287ce116-a9b0-4d30-9b6a-58e0c3d5afc1,comparison,14,370,97,0.26216216216216215,2,1,0.07142857142857142
03201e9b-aab2-4171-9b17-711526235983,simple,14,62,16,0.25806451612903225,1,1,0.07142857142857142
52ab8dab-df77-4410-a98d-5fd898ff4ed0,simple_w_condition,17,152,48,0.3157894736842105,1,1,0.058823529411764705
5f928ee9-6ad3-46f7-b5a6-bb0034bf67af,simple,11,106,23,0.2169811320754717,1,1,0.09090909090909091
0f528b34-ce6a-438c-9a74-56e761f97f21,comparison,12,91,12,0.13186813186813187,2,8,0.6666666666666666
6883ee02-a25b-4c7e-9d95-a38b3c60ab4f,simple,8,46,3,0.06521739130434782,1,1,0.125
a5268668-5a1f-485e-a57e-42fa10e693d8,aggregation,9,73,12,0.1643835616438356,1,2,0.2222222222222222
412ff756-8cd0-404e-b5c4-b2ff65b126a9,simple,13,63,23,0.36507936507936506,1,4,0.3076923076923077
899aee2e-d160-4aeb-b6eb-04b9d556c25b,simple,6,50,4,0.08,1,1,0.16666666666666666
27923312-7d64-4fd8-961e-cce7d620b458,simple,8,191,8,0.041884816753926704,1,1,0.125
d708d95c-6efd-49ce-ac16-7ff50d26bce7,comparison,6,144,74,0.5138888888888888,1,1,0.16666666666666666
d09ff410-f03e-4b55-9b95-4799bc8e9a75,simple,13,124,66,0.532258064516129,1,13,1.0
9d1ee657-9b57-49a8-93ee-76244a8f0d6a,comparison,11,59,18,0.3050847457627119,2,1,0.09090909090909091
d87222fa-7f0f-40ab-9fce-d95bc2675f63,comparison,15,101,9,0.0891089108910891,1,1,0.06666666666666667
543d407e-587d-4fdb-9682-9afd80e47b3b,simple,9,91,26,0.2857142857142857,1,4,0.4444444444444444
4cc5b572-1ca3-4c17-a5cb-4240a924aac9,simple,10,144,26,0.18055555555555555,1,3,0.3
3ea26b14-2eba-42ff-87e4-3fdefb82e6d2,comparison,7,127,89,0.7007874015748031,1,1,0.14285714285714285
e5b7b024-d9d8-406a-ad24-ccb127311f35,simple,9,205,14,0.06829268292682927,2,1,0.1111111111111111
a51ce1f2-b43b-46b3-b295-dfbb7d89b6e5,simple,11,246,4,0.016260162601626018,1,2,0.18181818181818182
9573fc4c-9f7d-49b9-91f8-e2eca3bc0d92,simple,13,159,6,0.03773584905660377,2,8,0.6153846153846154
4d34f6e9-5abf-4d77-bfdf-0bfd3570fcc3,simple,13,141,18,0.1276595744680851,2,4,0.3076923076923077
6050215b-e4e9-4fe3-af17-e632e007b19c,aggregation,9,89,43,0.48314606741573035,1,1,0.1111111111111111
6c3635ed-6c08-4277-9e1a-34125cbd440f,simple,13,306,71,0.23202614379084968,2,4,0.3076923076923077
e942bf6d-a230-4c16-a24b-4c5b7104ae41,simple,7,101,13,0.12871287128712872,2,1,0.14285714285714285
f3355ee3-7fc1-4305-8ca5-e75098c0d1d5,simple,8,57,15,0.2631578947368421,2,5,0.625
b0343db5-2516-45a6-8bf1-69c8e4d7f03f,simple_w_condition,9,124,7,0.056451612903225805,2,6,0.6666666666666666
573ac6fa-3db0-425a-967c-f267a6852dd2,simple,11,96,23,0.23958333333333334,3,1,0.09090909090909091
51823757-dcd1-45a6-90e0-74828db179d2,simple,9,381,18,0.047244094488188976,2,3,0.3333333333333333
adea74b3-41bf-411c-a6a2-217986c3020c,aggregation,14,75,13,0.17333333333333334,1,2,0.14285714285714285
05b6bfd4-e39f-456a-a299-30f677ea6441,comparison,15,51,14,0.27450980392156865,2,3,0.2
e2a1bb5b-c274-4c7a-8fbf-734bbe86d3c6,false_premise,18,80,38,0.475,2,1,0.05555555555555555
9059b522-02f5-4722-994a-02945b7b63d9,simple_w_condition,10,159,8,0.050314465408805034,1,10,1.0
1a1005cb-07f6-4a64-97e7-4760cde1884a,simple,7,304,9,0.029605263157894735,1,3,0.42857142857142855
adb9f611-679e-4dfe-b0c9-72ae2092b79f,simple,16,278,31,0.11151079136690648,2,7,0.4375
3edb9509-f750-4d3a-9250-bb1b346da5bc,simple,7,36,13,0.3611111111111111,1,1,0.14285714285714285
3aeef680-8762-41b4-aa25-565b73362cfa,aggregation,16,400,19,0.0475,1,2,0.125
f7e3ef64-b77f-421f-aa32-12e11e02710d,simple,6,339,36,0.10619469026548672,2,1,0.16666666666666666
0534010a-d780-4a3a-8c33-d7ec11f06185,comparison,13,87,25,0.28735632183908044,2,1,0.07692307692307693
54e1bf7a-b5f6-461e-9e7f-54d2df3e2266,simple_w_condition,13,82,5,0.06097560975609756,1,2,0.15384615384615385
7bdad1f0-278c-4bde-bd03-44ce2c78c7b9,simple,9,181,22,0.12154696132596685,2,1,0.1111111111111111
da48e9e3-f71b-498d-af6b-d0d53dd6930a,simple,12,88,14,0.1590909090909091,1,1,0.08333333333333333
294bc587-4511-4770-a666-dcee5065df46,aggregation,17,168,122,0.7261904761904762,1,1,0.058823529411764705
b3c1b63a-6978-4ab4-b581-1e4e385c1188,simple,9,77,2,0.025974025974025976,1,8,0.8888888888888888
904dffae-8332-4647-83e2-cff8f3c859c6,simple,4,146,18,0.1232876712328767,1,2,0.5
bb7e1694-7792-479c-ab69-802baf48e720,simple,14,184,10,0.05434782608695652,1,6,0.42857142857142855
da3842b0-0c28-4592-bba6-b138fa77e57e,simple_w_condition,8,204,101,0.4950980392156863,1,1,0.125
54e76db2-8a33-4372-9e36-a89d7eec96d9,comparison,19,93,16,0.17204301075268819,1,3,0.15789473684210525
dad08b92-d379-4130-98e7-fa0195c99348,simple_w_condition,10,345,207,0.6,2,1,0.1
b2541d0d-d31c-4ecb-8b79-2c1acbc056ac,multi-hop,13,85,7,0.08235294117647059,1,5,0.38461538461538464
bebd3b75-933f-41cc-9406-387093c90bd4,comparison,9,95,22,0.23157894736842105,2,5,0.5555555555555556
3c255def-50af-4129-9285-710c99047121,comparison,6,65,8,0.12307692307692308,1,1,0.16666666666666666
4c630315-7b78-4a18-a219-64920851643d,simple,11,246,8,0.032520325203252036,2,11,1.0
a8406efb-d25a-488b-a233-b029bd4b22ef,simple_w_condition,14,97,29,0.29896907216494845,1,1,0.07142857142857142
8ca0e9d0-74df-47cb-89e9-611a12f428aa,aggregation,10,152,10,0.06578947368421052,1,2,0.2
4a83eae1-0f46-4504-9894-7c6a3f7d798f,simple,9,342,60,0.17543859649122806,1,3,0.3333333333333333
18574fd2-dcc3-4a59-9eda-a0e720af9376,comparison,11,73,6,0.0821917808219178,2,1,0.09090909090909091
685089ff-6a6e-4d7d-bc9b-47fec22c0481,comparison,7,159,82,0.5157232704402516,1,1,0.14285714285714285
723daaef-a799-493c-94c9-1b76bbb8f79c,comparison,12,57,16,0.2807017543859649,2,2,0.16666666666666666
1da86af4-161f-45c9-abca-45d2b344a028,simple,20,361,25,0.06925207756232687,2,4,0.2
e554740c-201a-4280-a644-d43523a97103,multi-hop,6,104,10,0.09615384615384616,2,1,0.16666666666666666
b69a7394-0b2a-4ebf-a723-676a623600bb,post-processing,13,130,21,0.16153846153846155,2,1,0.07692307692307693
8617a58c-73c6-4751-9a6e-4b6333b75afe,aggregation,19,280,41,0.14642857142857144,1,15,0.7894736842105263
86e55278-6dfb-4b60-b14b-3f74ec7ff30d,simple,14,74,7,0.0945945945945946,3,2,0.14285714285714285
8001fbf8-541b-426a-8132-3a2fb7182deb,comparison,14,36,11,0.3055555555555556,2,3,0.21428571428571427
456d5fe1-02eb-4eec-b1b6-86da8e407234,comparison,11,83,8,0.0963855421686747,1,2,0.18181818181818182
b3580a6c-8ee0-4473-9c17-ac06b8358b90,simple,13,233,21,0.09012875536480687,2,1,0.07692307692307693
83905844-df04-472f-b940-5f3498771380,simple_w_condition,15,233,17,0.07296137339055794,2,14,0.9333333333333333
dfcf8fe0-1a40-4b37-acaa-face34802db2,false_premise,14,400,37,0.0925,2,2,0.14285714285714285
c798b289-f253-444b-b393-75a9f1c0c306,simple,11,145,3,0.020689655172413793,2,2,0.18181818181818182
4c49a599-ea53-4749-a26a-3c203bab063e,comparison,9,57,6,0.10526315789473684,1,1,0.1111111111111111
cedf9254-965f-409e-9bf2-c15b9d1a2295,simple,11,125,44,0.352,3,1,0.09090909090909091
113aa5a5-64aa-4803-9e01-5cbb472a3472,simple,9,136,12,0.08823529411764706,1,1,0.1111111111111111
25119807-e54a-43cc-8cb3-5a8f7faa88ff,simple_w_condition,7,156,6,0.038461538461538464,2,3,0.42857142857142855
3912e70f-5985-4aab-813d-15d50aaa0df3,simple,8,91,14,0.15384615384615385,1,1,0.125
fb5c53a7-867f-433e-b223-0064dc25f6d0,simple,10,106,19,0.1792452830188679,1,5,0.5
5dfd6314-6001-463e-8f0c-f61a61c69013,comparison,13,150,81,0.54,3,1,0.07692307692307693
16e777af-b6a2-4b0d-b792-110f21544752,comparison,13,84,45,0.5357142857142857,2,1,0.07692307692307693
132e5137-94f8-49eb-8177-3445f57a6fb1,simple,15,150,2,0.013333333333333334,1,1,0.06666666666666667
cca073d8-5e32-4594-ab27-453612701000,simple,12,146,34,0.2328767123287671,2,1,0.08333333333333333
e8f7cdf0-08ce-4d5d-b9fc-f3476697b48b,simple_w_condition,15,153,104,0.6797385620915033,1,1,0.06666666666666667
f906146a-b7cf-4eed-bb79-1f0fb667157e,simple_w_condition,8,108,18,0.16666666666666666,2,1,0.125
6df51f92-cf5f-44a7-bd32-dd0eb71cef94,set,13,141,16,0.11347517730496454,2,8,0.6153846153846154
e118b510-a348-4e4e-b2b0-fb5517896b32,comparison,8,352,26,0.07386363636363637,1,2,0.25
d5f0763b-064e-4028-8c60-9351831c54f9,simple,13,70,3,0.04285714285714286,1,2,0.15384615384615385
779aa5b9-9bb6-4a08-a407-fb46bcc5a2f9,simple_w_condition,6,253,52,0.20553359683794467,3,1,0.16666666666666666
c4e2814c-61db-4f68-b60d-eb89f0c6da55,simple_w_condition,8,400,60,0.15,2,6,0.75
91df5c07-7059-4dac-ba28-555bf036d743,aggregation,16,191,129,0.675392670157068,1,1,0.0625
68f89394-890b-437d-a73b-a9d40d35b81a,simple_w_condition,10,160,9,0.05625,3,1,0.1
141c4d8f-f06c-4275-93e5-25570c675921,simple,9,141,17,0.12056737588652482,1,1,0.1111111111111111
0b367b2b-e638-4f60-8422-dedcd9210410,simple,15,232,18,0.07758620689655173,1,2,0.13333333333333333
bb2a6c28-0a9b-4421-b950-ae72607de6b3,simple_w_condition,17,51,6,0.11764705882352941,2,1,0.058823529411764705
a57e503b-6e34-4c1b-94e9-e4ac7febd7e5,simple,19,104,7,0.0673076923076923,2,9,0.47368421052631576
816ea301-de98-4613-8e22-bd6a122080d1,aggregation,13,113,14,0.12389380530973451,1,3,0.23076923076923078
23a3e1ff-dcb6-4c59-873c-6a1f7b12cbe4,simple_w_condition,15,50,18,0.36,1,1,0.06666666666666667
3c2e3f1f-3cc7-4fa4-a19c-ecd6e6a6d720,simple,12,49,1,0.02040816326530612,1,4,0.3333333333333333
31616f49-8b8e-432c-84a5-3fb8075cd6e1,simple,7,64,12,0.1875,2,2,0.2857142857142857
b5f7410a-0074-46e7-8c66-85db48b5644c,simple,8,190,24,0.12631578947368421,1,1,0.125
6555c708-a160-4413-9c89-029b851a3193,simple,9,57,13,0.22807017543859648,3,1,0.1111111111111111
3b6cfcdc-538d-43c1-a13f-ab274066f7b6,simple_w_condition,15,84,35,0.4166666666666667,1,1,0.06666666666666667
4cf72dae-7adb-4642-b66c-7887036f1640,simple_w_condition,10,40,6,0.15,1,2,0.2
9c68588a-aa1e-4139-93b1-ecf7b2af31c9,simple,13,82,4,0.04878048780487805,1,3,0.23076923076923078
3d54060f-e59b-4e5c-8a0d-4f1d74f2da2d,simple,9,163,50,0.3067484662576687,1,2,0.2222222222222222
b0bd7eef-2016-4360-836d-c229b1e8cdc5,simple_w_condition,13,144,87,0.6041666666666666,2,1,0.07692307692307693
9be17379-afca-45f5-a3f9-866047981097,comparison,20,111,15,0.13513513513513514,1,10,0.5
c2405ead-68ed-4e4e-8ae9-9f1875aa7be7,multi-hop,14,238,74,0.31092436974789917,1,1,0.07142857142857142
d5ee49c8-27f9-4c6a-953a-25f1c4e3b891,simple,13,86,9,0.10465116279069768,1,1,0.07692307692307693
f05d362c-0073-4842-8efb-cd12ca229ab9,multi-hop,10,110,8,0.07272727272727272,3,8,0.8
0cccde09-5d42-47ca-89ce-278a629792ec,simple,10,54,1,0.018518518518518517,1,1,0.1
add07b27-f9bf-40af-a7b8-cce92630b711,simple,11,94,5,0.05319148936170213,2,2,0.18181818181818182
98597a9c-8c94-4fad-98f5-38a12d4ed243,false_premise,22,201,11,0.05472636815920398,2,1,0.045454545454545456
5c5234a3-d684-42ba-8c84-d2cd6ab1567f,simple_w_condition,9,195,7,0.035897435897435895,2,9,1.0
b10b89b9-a48f-4278-aaa5-9c988a47a603,simple_w_condition,8,84,3,0.03571428571428571,2,5,0.625
aaac42f9-d39e-46ae-8492-c862578d9f03,multi-hop,25,400,10,0.025,36,25,1.0
6fbc6a0b-06f9-4a46-86fa-0da8dd8fd8a7,simple,11,67,14,0.208955223880597,1,1,0.09090909090909091
73e59934-ac7a-4150-a188-9ba96aa0b75f,comparison,12,65,10,0.15384615384615385,1,1,0.08333333333333333
e82cb799-a236-400e-99ba-a8d90ca8eff9,simple,7,20,6,0.3,1,3,0.42857142857142855
b7eef25b-f230-4e3c-9b75-7b871a81121e,simple,7,192,13,0.06770833333333333,1,1,0.14285714285714285
057ff5c5-79c7-40e1-a875-565a74e8da95,simple,14,85,2,0.023529411764705882,1,3,0.21428571428571427
02c16b07-4593-4cbc-aef9-7ad83307ef64,comparison,10,58,14,0.2413793103448276,2,1,0.1
8c64872e-3f00-4ced-81be-4cbd7ffcf887,multi-hop,18,246,26,0.10569105691056911,1,1,0.05555555555555555
0fad8c97-0237-45d4-acb8-5c7135c79f9e,aggregation,8,400,101,0.2525,1,2,0.25
9c73e34b-dc6f-4c6a-879c-8fbcc85c5488,aggregation,9,400,55,0.1375,1,1,0.1111111111111111
437cc197-c40b-4daf-b46a-d44c0accbdd8,aggregation,16,207,21,0.10144927536231885,1,1,0.0625
168ed85e-f680-490b-89d9-668a23d82b86,aggregation,15,385,242,0.6285714285714286,1,2,0.13333333333333333
17a5f5e6-bf2c-4db3-9211-1e72ec92f2f6,simple,7,31,5,0.16129032258064516,1,5,0.7142857142857143
6a8638a3-5bde-4606-85bb-947d056c5f3a,comparison,19,147,25,0.17006802721088435,3,1,0.05263157894736842
20fd78c1-c706-4f99-b9cc-20fa17e3566e,comparison,15,111,2,0.018018018018018018,1,5,0.3333333333333333
272b19e3-f1f4-4130-98c3-2758b59538ff,simple,9,96,11,0.11458333333333333,2,8,0.8888888888888888
5c3a51fa-7688-4d61-b01c-c19d66793507,simple_w_condition,13,112,54,0.48214285714285715,1,1,0.07692307692307693
f5ae236b-668c-48de-9bfc-ee11b355a72d,simple,8,400,215,0.5375,2,1,0.125
ef914c66-e7f6-4a54-b253-eae5b46a68b3,simple_w_condition,11,32,6,0.1875,2,1,0.09090909090909091
cd7762fc-edf2-4390-8c0c-3488b07be66f,simple,7,245,15,0.061224489795918366,2,1,0.14285714285714285
b9e7441c-ff95-4f1e-99a2-d7da65a7a78b,simple_w_condition,9,47,2,0.0425531914893617,1,8,0.8888888888888888
74519fa3-a8d1-4602-86a0-30f98ebb1ed6,multi-hop,8,134,24,0.1791044776119403,1,1,0.125
3a6d3f5c-b052-4059-b727-1ffbe7cb2cc1,simple_w_condition,11,69,4,0.057971014492753624,2,1,0.09090909090909091
ada48348-56bc-474c-9196-b2dc50a8b626,simple,8,79,23,0.2911392405063291,1,1,0.125
b20c2a55-ad15-4360-9cb4-81b40917237d,simple,7,213,41,0.19248826291079812,1,1,0.14285714285714285
8b510a2c-1aa9-4a42-8298-eabcad71e91b,false_premise,14,89,18,0.20224719101123595,2,2,0.14285714285714285
68edbb40-0eab-41d7-8a03-70b4528b2c24,simple,13,101,5,0.04950495049504951,1,1,0.07692307692307693
2b9321f3-2b69-4a7e-8de9-de2a7f52eebd,simple,7,56,1,0.017857142857142856,14,5,0.7142857142857143
bf7642ff-2a80-42a8-8226-8c98af290172,aggregation,13,89,65,0.7303370786516854,1,1,0.07692307692307693
a4f19bc0-6766-4263-ae76-78e301a33c12,simple_w_condition,12,189,8,0.042328042328042326,1,5,0.4166666666666667
4d7426e1-9c69-45c3-9843-f072542f3e82,simple,7,87,15,0.1724137931034483,1,1,0.14285714285714285
47b81d91-3151-4fad-b3e4-08e6fc21438d,simple_w_condition,15,50,6,0.12,1,1,0.06666666666666667
0ea0cb68-313a-4759-b508-8a7a37360a38,comparison,17,59,2,0.03389830508474576,5,2,0.11764705882352941
23009ac8-d24b-4a55-a8be-6e7ba449def4,simple,15,148,15,0.10135135135135136,2,1,0.06666666666666667
3134f2aa-bad7-4030-9246-d42daa242441,aggregation,16,83,17,0.20481927710843373,1,1,0.0625
879382a3-687f-4409-b8f8-9671f2312a82,aggregation,14,298,92,0.3087248322147651,1,1,0.07142857142857142
9701e5c9-86e9-4efe-8b9e-ab153fc47f02,comparison,18,179,14,0.0782122905027933,2,3,0.16666666666666666
2a0a628a-c67b-40df-bdf9-697c4de1eb0b,simple,13,148,37,0.25,1,1,0.07692307692307693
130aeafb-6a7d-4f5e-8a05-a7293b0fede7,simple_w_condition,14,53,7,0.1320754716981132,2,1,0.07142857142857142
9f2bdaeb-72fb-433d-bf95-b294b11940e3,comparison,14,170,29,0.17058823529411765,3,1,0.07142857142857142
46256b45-f172-4024-87cd-4d6510b55be2,simple,11,170,35,0.20588235294117646,1,1,0.09090909090909091
